{"ProtoVersion":"V2_6","WorkflowID":"067b3bec-2c89-4982-854b-56a1bbc354a0","WorkflowName":"培训反馈助手","WorkflowDesc":"任务描述: 输入学员的培训反馈文本，输出提炼后的正面意见、总结的改进建议，并以表格形式呈现。 示例问题: \"培训内容很实用\" \"讲师讲解速度太快\"","Nodes":[{"NodeID":"9ec1e508-fc11-c2fd-4cc0-358a4832f86a","NodeName":"开始","NodeDesc":"","NodeType":"START","StartNodeData":{"WorkflowParams":[]},"Inputs":[],"Outputs":[],"NextNodeIDs":["06e6fd53-6aff-7ad2-d906-12b13933de56"],"NodeUI":"{\"data\":{\"isHovering\":false,\"isParallel\":false,\"source\":false,\"target\":true,\"debug\":null,\"error\":false,\"output\":[],\"schema\":null,\"checkDataError\":0},\"position\":{\"x\":400,\"y\":282},\"targetPosition\":\"left\",\"sourcePosition\":\"right\",\"selected\":false,\"measured\":{\"width\":250,\"height\":84}}"},{"NodeID":"1b59bcbc-256d-19e6-e331-a3425acb4aef","NodeName":"结束","NodeDesc":"","NodeType":"END","Inputs":[],"Outputs":[{"Title":"Output","Type":"OBJECT","Required":[],"Properties":[],"Desc":"输出内容","AnalysisMethod":"COVER"}],"NextNodeIDs":[],"NodeUI":"{\"data\":{\"isHovering\":false,\"isParallel\":false,\"source\":true,\"target\":false,\"debug\":null,\"error\":false,\"output\":[],\"schema\":null,\"checkDataError\":0},\"position\":{\"x\":1200,\"y\":282},\"targetPosition\":\"left\",\"sourcePosition\":\"right\",\"selected\":false,\"measured\":{\"width\":250,\"height\":84}}"},{"NodeID":"06e6fd53-6aff-7ad2-d906-12b13933de56","NodeName":"大模型1","NodeDesc":"","NodeType":"LLM","LLMNodeData":{"ModelName":"cs-normal-70b","Temperature":0,"TopP":0,"MaxTokens":0,"Prompt":"{{user}}","SystemPrompt":"你是一名企业培训分析师。\n输入：学员反馈文本{{user}}，请确保该文本包含具体的意见和建议。\n输出：\n- 精确提炼出所有正面意见\n- 概括总结所有的改进建议\n- 将结果以表格清晰形式呈现，包含“意见类型”、“具体内容”两列","OutputFormat":"LLM_OUTPUT_TEXT","ModelParams":{"Temperature":0.7,"TopP":0.6,"MaxTokens":4000,"StopSequences":[],"ReplyFormat":""}},"Inputs":[{"Name":"user","Type":"STRING","Input":{"InputType":"SYSTEM_VARIABLE","SystemVariable":{"Name":"SYS.UserQuery","DialogHistoryLimit":15}},"Desc":"","IsRequired":false,"SubInputs":[],"DefaultValue":"","DefaultFileName":""}],"Outputs":[],"NextNodeIDs":["728455e7-4e66-525e-f061-f6c118b44192"],"NodeUI":"{\"data\":{\"content\":\"输出：Output.Content, Output.Thought\",\"isHovering\":false,\"isParallel\":false,\"source\":true,\"target\":true,\"debug\":null,\"error\":false,\"output\":[{\"label\":\"Output\",\"desc\":\"输出内容\",\"optionType\":\"REFERENCE_OUTPUT\",\"type\":\"OBJECT\",\"children\":[]}],\"schema\":null,\"checkDataError\":0,\"displayPrompt\":\"<p><span data-w-e-type=\\\"slot\\\" data-w-e-is-void=\\\"\\\" data-w-e-is-inline=\\\"\\\" data-value=\\\"user\\\">{{user}}</span></p>\"},\"position\":{\"x\":391,\"y\":429},\"targetPosition\":\"left\",\"sourcePosition\":\"right\",\"selected\":false,\"measured\":{\"width\":250,\"height\":104},\"dragging\":false}","ExceptionHandling":{"Switch":"OFF","MaxRetries":"3","RetryInterval":"1","AbnormalOutputResult":"","HandleMethod":"EXCEPTION_OUTPUT","NextNodeIDs":[]},"PendingMessage":{"Switch":"OFF","Content":"","DelaySeconds":"1"}},{"NodeID":"728455e7-4e66-525e-f061-f6c118b44192","NodeName":"回复1","NodeDesc":"","NodeType":"ANSWER","AnswerNodeData":{"Answer":"{{user}}"},"Inputs":[{"Name":"user","Type":"STRING","Input":{"InputType":"SYSTEM_VARIABLE","SystemVariable":{"Name":"SYS.UserQuery","DialogHistoryLimit":15}},"Desc":"","IsRequired":false,"SubInputs":[],"DefaultValue":"","DefaultFileName":""}],"Outputs":[{"Title":"Output","Type":"OBJECT","Required":[],"Properties":[],"Desc":"输出内容","AnalysisMethod":"COVER"}],"NextNodeIDs":["1b59bcbc-256d-19e6-e331-a3425acb4aef"],"NodeUI":"{\"data\":{\"content\":\"{{user}}\",\"isHovering\":false,\"isParallel\":false,\"source\":true,\"target\":true,\"debug\":null,\"error\":false,\"output\":[{\"id\":\"60dd89d6-0d40-7889-5ff1-a4bca22a4410\",\"value\":\"Output\",\"label\":\"Output\",\"_uiId\":\"db4e614d-2f65-efc1-7366-4cd875a80b7a\",\"type\":\"OBJECT\",\"children\":[{\"id\":\"13248627-9158-eb64-2af3-0f4a95c66211\",\"value\":\"Answer\",\"label\":\"Answer\",\"_uiId\":\"30a6129e-0701-8523-eb06-73a2c2751c51\",\"type\":\"STRING\",\"children\":[]}]}],\"schema\":null,\"checkDataError\":0},\"position\":{\"x\":731,\"y\":451},\"targetPosition\":\"left\",\"sourcePosition\":\"right\",\"selected\":false,\"measured\":{\"width\":250,\"height\":84},\"dragging\":false}"}],"Edge":"[{\"source\":\"9ec1e508-fc11-c2fd-4cc0-358a4832f86a\",\"sourceHandle\":\"9ec1e508-fc11-c2fd-4cc0-358a4832f86a-source\",\"target\":\"06e6fd53-6aff-7ad2-d906-12b13933de56\",\"targetHandle\":\"06e6fd53-6aff-7ad2-d906-12b13933de56-target\",\"type\":\"custom\",\"data\":{\"connectedNodeIsHovering\":false,\"error\":false,\"isHovering\":false},\"id\":\"xy-edge__9ec1e508-fc11-c2fd-4cc0-358a4832f86a9ec1e508-fc11-c2fd-4cc0-358a4832f86a-source-06e6fd53-6aff-7ad2-d906-12b13933de5606e6fd53-6aff-7ad2-d906-12b13933de56-target\"},{\"source\":\"06e6fd53-6aff-7ad2-d906-12b13933de56\",\"sourceHandle\":\"06e6fd53-6aff-7ad2-d906-12b13933de56-source\",\"target\":\"728455e7-4e66-525e-f061-f6c118b44192\",\"targetHandle\":\"728455e7-4e66-525e-f061-f6c118b44192-target\",\"type\":\"custom\",\"data\":{\"connectedNodeIsHovering\":false,\"error\":false,\"isHovering\":false},\"id\":\"xy-edge__06e6fd53-6aff-7ad2-d906-12b13933de5606e6fd53-6aff-7ad2-d906-12b13933de56-source-728455e7-4e66-525e-f061-f6c118b44192728455e7-4e66-525e-f061-f6c118b44192-target\"},{\"source\":\"728455e7-4e66-525e-f061-f6c118b44192\",\"sourceHandle\":\"728455e7-4e66-525e-f061-f6c118b44192-source\",\"target\":\"1b59bcbc-256d-19e6-e331-a3425acb4aef\",\"targetHandle\":\"1b59bcbc-256d-19e6-e331-a3425acb4aef-target\",\"type\":\"custom\",\"data\":{\"connectedNodeIsHovering\":false,\"isHovering\":false,\"error\":false},\"id\":\"xy-edge__728455e7-4e66-525e-f061-f6c118b44192728455e7-4e66-525e-f061-f6c118b44192-source-1b59bcbc-256d-19e6-e331-a3425acb4aef1b59bcbc-256d-19e6-e331-a3425acb4aef-target\"}]","Mode":"NORMAL","ReleaseTime":""}